Tip;calificativ;Denumirea străzii;Numerele caselor;Codul  poştal
Bulevardul;;Cuza-Vodă; 1-21, 18/2, 6-46;MD-2060
Bulevardul;;Cuza-Vodă; 23-sf.;MD-2072
Bulevardul;;Dacia;1-21;MD-2038
Bulevardul;;Dacia;2-24;MD-2043
Bulevardul;;Dacia;23-41, 26-38/1,38/2,38/3, 38/4, 38/9 ;MD-2060
Bulevardul;;Dacia;47-57, 38/5, 38/6, 38/7,38/8- 58, 49-49/14.;MD-2062
Bulevardul;;Dacia;50/7;MD-2072
Bulevardul;;Dacia;60/1-60/5, 80/8,  67-83;MD-2026
Bulevardul;;Decebal;139;MD-2060
Bulevardul;;Decebal;1-5, 2;MD-2001
Bulevardul;;Decebal;17-25;MD-2002
Bulevardul;;Decebal;59-91/2,;MD-2015
Bulevardul;;Decebal;6, 16, 22, 64-84, 99;MD-2038
Bulevardul;;Iurie Gagarin;toate;MD-2001
Bulevardul;;Moscova;18-sf;MD-2045
Bulevardul;;Moscova;1-sf, 2-16;MD-2068
Bulevardul;;Renaşterii Naţionale;2-20,  5-27;MD-2024
Bulevardul;;Ştefan cel Mare şi Sfînt;105, 154;MD-2073
Bulevardul;;Ştefan cel Mareşi Sfînt;115-sf,150-sf (ex. 154);MD-2004
Bulevardul;;Ştefan cel Mare şi Sfînt;1-73, 2-124;MD-2001
Bulevardul;;Ştefan cel Mare şi Sfînt;75-103, 126-152;MD-2012
Bulevardul;;Grigore Vieru;toate;MD-2005
Piaţa;;Victor Belikov;toate;MD-2026
Piaţa;;Dimitrie Cantemir;toate;MD-2069
Piaţa;;Iulius Cezar;toate;MD-2001
Piaţa;;Gării;toate;MD-2001
Piaţa;;Pantelimon Halippa;toate;MD-2009
Piaţa;;Marea Adunare Naţională;toate;MD-2033
Piaţa;;Unirii Principatelor;toate;MD-2064
Piaţa;;Veche;toate;MD-2005
Scuarul;fondator al Francofoniei;Leopold Sedar Senghor;toate;MD-2012
Scuarul;;Catedralei;;MD-2012
Șoseaua;;Balcani;1-3, 20;MD-2069
Șoseaua;;Balcani;2-8/1, 25;MD-2071
Șoseaua;;Balcani;7-9;MD-2049
Șoseaua;;Hînceşti; 82/1, 84;MD-2021
Șoseaua;;Hînceşti;3-61, 2-82;MD-2028
Șoseaua;;Hînceşti;86, 106-sf, 145-sf;MD-2070
Strada;;Anton Ablov;toate;MD-2019
Strada;;Academiei;toate;MD-2028
Strada;;Aerodromului;toate;MD-2024
Strada;;Aeroport;toate;MD-2026
Strada;;Alba Iulia;1-23, 122-180;MD-2051
Strada;;Alba Iulia;2-16;MD-2064
Strada;;Alba Iulia;75-sf, 184-sf;MD-2071
Strada;;Albăstrele;toate;MD-2075
Strada;;Albişoara;19-27,  38, 64-sf;MD-2005
Strada;;Albişoara;4, 8-24, 15-19;MD-2001
Strada;;Albiţa;toate;MD-2002
Strada;;Alcedar;toate;MD-2044
Strada;;Doina şi Ion Aldea-Teodorovici;11-17, 8-18;MD-2064
Strada;;Doina şi Ion Aldea-Teodorovici;19-sf, 20-sf;MD-2051
Strada;;Aleea Gării;toate;MD-2001
Strada;;Aleea Verde;toate;MD-2028
Strada;;Grigore Alexandrescu;toate;MD-2008
Strada;;Vasile Alecsandri;102, 104, 106;MD-2001
Strada;;Vasile Alecsandri;1-77, 2-30;MD-2009
Strada;;Vasile Alecsandri;79-133, 32-90;MD-2012
Strada;;Vasile Alecsandri;92-100, 137 - sf.;MD-2005
Strada;;Vasile Alecsandri (Codru);toate;MD-2019
Strada;;Alexandru cel Bun; 54, 56-112;MD-2005
Strada;;Alexandru cel Bun;113-sf., 126-sf.;MD-2004
Strada;;Alexandru cel Bun;1-23, 2-38;MD-2001
Strada;;Alexandru cel Bun;25-111, 40-54;MD-2012
Strada;;Elena Alistar  (Codru);toate;MD-2028
Strada;;Elena Alistar;toate;MD-2002
Strada;;Aluniş;toate;MD-2008
Strada;;Teodor Aman;toate;MD-2009
Strada;;Nicolae Anestiade;toate;MD-2001
Strada;;Ankara;toate;MD-2020
Strada;;Veniamin Apostol;toate;MD-2029
Strada;;Zamfir Arbore;1,2;MD-2004
Strada;;Zamfir Arbore;3-sf,4-sf;MD-2005
Strada;;Arborilor;toate;MD-2025
Strada;;Arhanghelul Mihail;toate;MD-2005
Strada;;Arioneşti;toate;MD-2044
Strada;;Armenească;1-73,2-44;MD-2012
Strada;;Armenească;75-sf.,48, 80-sf;MD-2001
Strada;;Armoniei;toate;MD-2075
Strada;;Arţarului;3, 6-8;MD-2038
Strada;;Gheorghe Asachi;1-21;MD-2009
Strada;;Gheorghe Asachi;23-sf, 2-104;MD-2028
Strada;;Astronauţilor;2-6;MD-2026
Strada;;Aşhabad;toate;MD-2002
Strada;;31 August 1989;137-161, 94-110;MD-2004
Strada;;31 August 1989;58-82,79-135;MD-2012
Strada;;31 August 1989;1-63,2-56;MD-2001
Strada;;Aviatorilor;1-13,2-14;MD-2026
Strada;;Avicenna;toate;MD-2025
Strada;;Ave Maria (Străşeni);Asociaţie;MD-2075
Strada;;Iurie Babei;toate;MD-2002
Strada;;Bacău;toate;MD-2051
Strada;;Gheorghe Bacovia;toate;MD-2009
Strada;;Vasile Badiu;1-31,49-70,  22 sf.;MD-2059
Strada;;Vasile Badiu;4-20;MD-2020
Strada;;Baku;toate;MD-2002
Strada;;Trifan Balta;toate;MD-2021
Strada;;Banatului;toate;MD-2043
Strada;;Pavel Barbălat;toate;MD-2045
Strada;;Bariera Orhei;toate;MD-2059
Strada;;Bariera Sculeni;toate;MD-2069
Strada;;Basarabilor;toate;MD-2071
Strada;;Matei Basarab;2-6, 1;MD-2068
Strada;;Matei Basarab;5-9, 8- sf.;MD-2045
Strada;;Bazinului;toate;MD-2023
Strada;;Bălănescu;toate;MD-2001
Strada;;Băcioii Noi;toate;MD-2029
Strada;;Nicolae Bălcescu;toate;MD-2051
Strada;;Băltagi;toate;MD-2028
Strada;;Bălţi;toate;MD-2005
Strada;;Belgrad;3, 17-23, 22-62;MD-2060
Strada;;Vissarion  Belinski;1-59, 2-20;MD-2008
Strada;;Vissarion  Belinski;61-sf, 22-sf;MD-2064
Strada;;Belşugului;toate;MD-2009
Strada;;A.Belschi;toate;MD-2049
Strada;;Acad. Silviu Berejan;toate;MD-2045
Strada;;Protoiereu Mihail Berezovschi;toate;MD-2025
Strada;;Alessandro Bernardazzi;1-41, 2-40;MD-2001
Strada;;Alessandro Bernardazzi;42-50, 43-57;MD-2012
Strada;;Alessandro Bernardazzi;59-sf, 52-sf;MD-2009
Strada;;N. Berzarin;toate;MD-2049
Strada;;Gheorge Bezviconi;toate;MD-2029
Strada;;Bisericii;toate;MD-2008
Strada;;Lucian Blaga;toate;MD-2009
Strada;;Bogdan Voievod;toate;MD-2068
Strada;;Alexandru Boldur;toate;MD-2029
Strada;;Botanica Veche;toate;MD-2062
Strada;;Boteaza;toate;MD-2002
Strada;;Hristo Botev;toate;MD-2043
Strada;;Alexandru Botezatu;toate;MD-2005
Strada;;Ioan Botezătorul;toate;MD-2001
Strada;;Pavel Boţu;toate;MD-2009
Strada;;Braniştii;toate;MD-2068
Strada;;Brăila;toate;MD-2028
Strada;;Martir Brincoveni;toate;MD-2028
Strada;;Constantin Brîncuşi;toate;MD-2060
Strada;;Constantin Brîncoveanu;17-19, 20;MD-2020
Strada;;Constantin Brîncoveanu;toate (ex.17-19, 20);MD-2059
Strada;;ABCI Bucovina;toate;MD-2075
Strada;;Budei;toate;MD-2023
Strada;;Bucureşti;108, 117-119;MD-2004
Strada;;Bucureşti;1-39, 2-40;MD-2001
Strada;;Bucureşti;41-111, 42-98;MD-2012
Strada;;Bucovinei;toate;MD-2075
Strada;;Bucuriei;toate;MD-2004
Strada;;Budăi;toate;MD-2023
Strada;;Budeşti;toate;MD-2023
Strada;;Bugeacului;toate;MD-2028
Strada;;Buiucani;toate;MD-2008
Strada;;Bujorilor;7-11, 4-40;MD-2009
Strada;;Bujorilor (Codru);1, 2, 3, 4;MD-2019
Strada;;Bulboaca;toate;MD-2023
Strada;;Bulbocica;toate;MD-2024
Strada;;Bulgară;toate;MD-2001
Strada;;Buna Vestire;toate;MD-2005
Strada;;Burebista; 164-188;MD-2072
Strada;;Burebista; 5, 5a,  2-36/2, 38;MD-2002
Strada;;Burebista;3-29,  40-112;MD-2032
Strada;;Burebista;80, 82, 93, 118-134;MD-2062
Strada;;Busuioceşti;toate;MD-2002
Strada;;Busuiocului;toate;MD-2019
Strada;;Butuceni;toate;MD-2023
Strada;;Butucului;1;MD-2062
Strada;;Butucului;53;MD-2072
Strada;;Butucului;2-16;MD-2060
Strada;;Ion Buzdugan;toate;MD-2071
Strada;;Vladimir Buzescu;toate;MD-2023
Strada;;Cahul;toate;MD-2005
Strada;;Caişilor;toate;MD-2004
Strada;;Calea Basarabiei;7, 9;MD-2024
Strada;;Calea Basarabiei;2--18/3.;MD-2023
Strada;;Calea Basarabiei; 26 sf, 5a;MD-2002
Strada;;Calea Dacilor;toate;MD-2075
Strada;;Calea Ghidighici;toate;MD-2069
Strada;;Calea Ieşilor;( 2/5);MD-2004
Strada;;Calea Ieşilor;toate;MD-2069
Strada;;Calea Moşilor;1-15,  2-24;MD-2024
Strada;;Calea Moşilor;31, 40;MD-2059
Strada;;Calea Orheiului;11-95;MD-2059
Strada;;Calea Orheiului;97-sf, 88-sf;MD-2020
Strada;;Ion Callimachi;toate;MD-2051
Strada;;Cameniţa;toate;MD-2001
Strada;;Dimitrie Cantemir;1-9, 6-14;MD-2001
Strada;;Cantonului;toate;MD-2059
Strada;;Capricorn;toate;MD-2070
Strada;;Dumitru Caraciobanu;toate;MD-2064
Strada;;Ion Luca Caragiale;toate;MD-2051
Strada;;Carierei;toate;MD-2024
Strada;;Gheorghe Caşu;toate;MD-2025
Strada;;Caucaz;toate;MD-2001
Strada;;Călăraşi;toate;MD-2069
Strada;;Călătorilor;toate;MD-2023
Strada;;Gheorge Călinescu ;toate;MD-2051
Strada;;Călugăreni;toate;MD-2023
Strada;;Căluşari;toate;MD-2059
Strada;;Căpriana;toate;MD-2005
Strada;;Cărămidarilor;toate;MD-2023
Strada;;Cărăuşilor;toate;MD-2059
Strada;;Cărbunari;toate;MD-2023
Strada;;Căuşeni;toate;MD-2002
Strada;;Mihai Ceachir;toate;MD-2009
Strada;;Piotr  Ceaikovski;toate;MD-2008
Strada;;Maria Cibotari;1-5, 2-4;MD-2009
Strada;;Maria Cibotari;7-sf, 6-sf;MD-2012
Strada;;Cernăuţi;toate;MD-2032
Strada;;Cernica;1-3, 2-16;MD-2038
Strada;;Cetatea Albă;toate;MD-2002
Strada;;Cetatea Chilia;toate;MD-2002
Strada;;Cetinii;toate;MD-2002
Strada;;Ceucari;toate;MD-2020
Strada;;Vasile Cheltuială;1-15, 2-38;MD-2009
Strada;;Vasile Cheltuială;4a, 40, 42, 15-27;MD-2021
Strada;;Chiţcani;toate;MD-2001
Strada;;Chişinăului (Stăuceni);3,3/1;5
Strada;;Simion Cibotaru;toate;MD-2019
Strada;;Valeri Cicalov;1-5;MD-2026
Strada;;Cimbrului;toate;MD-2070
Strada;;Ştefan Ciobanu;toate;MD-2002
Strada;;Tamara Ciobanu;toate;MD-2008
Strada;;Ciocana;toate;MD-2044
Strada;;Chicago (Străşeni);Asociaţii;MD-2075
Strada;;Ciocîrliei;toate;MD-2021
Strada;;Igor Ciorbă;toate;MD-2002
Strada;;Toma Ciorbă;toate;MD-2004
Strada;;Cioriceşti;toate;MD-2002
Strada;;Circului;toate;MD-2024
Strada;;Cireşilor;toate;MD-2009
Strada;;Cişmele;toate;MD-2070
Strada;;Cîmpului;toate;MD-2011
Strada;;Ciuflea;toate;MD-2001
Strada;;Daniil Ciugureanu;toate;MD-2002
Strada;;Andrei Ciurunga;toate;MD-2045
Strada;;Clopotniţei;toate;MD-2002
Strada;;Ion Cloşca;toate;MD-2019
Strada;;Henri Coandă;toate;MD-2004
Strada;;Cobzarilor;toate;MD-2028
Strada;;Eugen Coca ;1-35, 35/1;MD-2008
Strada;;Eugen Coca;37-sf., 24-sf.;MD-2064
Strada;;Cocieri;toate;MD-2001
Strada;;Gheorghe Codreanu;toate;MD-2008
Strada;;Codrilor;8,10,12;MD-2071
Strada;;Codru;1-15 , 2-4;MD-2019
Strada;;Codrul;Asociaţii;MD-2028
Strada;;Codrul Cosminului;toate;MD-2023
Strada;;Sergiu Coipan;toate;MD-2049
Strada;;Cojocarilor;toate;MD-2001
Strada;;Colina A.  Puşkin;toate;MD-2005
Strada;;Colinei 1;toate;MD-2019
Strada;;Colinei 2;toate;MD-2019
Strada;;Coloniţa;toate;MD-2044
Strada;;Cristofor Columb;1-9.;MD-2026
Strada;;Columna;135-sf, 140-sf;MD-2004
Strada;;Columna;1-79, 2-62;MD-2001
Strada;;Columna;81-133,  66-138;MD-2012
Strada;;Constantin Constantinov;toate;MD-2045
Strada;;Constanţa;toate;MD-2028
Strada;;Constituţiei;toate;MD-2064
Strada;;Constructorilor;toate;MD-2059
Strada;;Copăceni;1-sf., 6-sf.;MD-2038
Strada;Academician ;Nicolae Corlăteanu;toate;MD-2045
Strada;;Corneşti;toate;MD-2024
Strada;;Cornului;toate;MD-2008
Strada;;Vasile Coroban;toate;MD-2051
Strada;;Anatol Corobceanu;1, 7-7a;MD-2012
Strada;;Anatol Corobceanu;11-sf, 10-sf;MD-2004
Strada;;Cosaşilor;toate;MD-2002
Strada;;Alexandru Cosmescu;toate;MD-2009
Strada;;Cosmonauţilor;6, 7-9;MD-2005
Strada;;Costeşti;1-sf., 4-sf.;MD-2028
Strada;;Miron Costin;1-25, 2-26/4;MD-2068
Strada;;Miron Costin;15/2, 19/5, 19/6, 19/7;MD-2045
Strada;;Nicolae H.Costin; 2-16;MD-2064
Strada;;Nicolae H.Costin;3-57, 18-46;MD-2051
Strada;;Nicolae H.Costin;46, 59-sf, 48/1-sf;MD-2071
Strada;;Costiujeni;1,  9, 15/1, 15/2,  6-28;MD-2019
Strada;;Costiujeni;3-7, 30-90;MD-2011
Strada;;Ilie Coşanu;toate;MD-2075
Strada;;Gheorghe Coşbuc;toate;MD-2005
Strada;Academician ;Eugen Coşeriu  ;toate;MD-2045
Strada;;Coşniţa;toate;MD-2001
Strada;;Vasile Covrig;toate;MD-2029
Strada;;Cramei;toate;MD-2005
Strada;;Victor Crăsescu;toate;MD-2059
Strada;;Ion Creangă;1, 4-20/3;MD-2069
Strada;;Ion Creangă;59-61, 80-sf;MD-2051
Strada;;Ion Creangă;9-55, 22-78;MD-2064
Strada;;Ion Creangă (Codru);toate;MD-2019
Strada;;Anton Crihan;toate;MD-2009
Strada;;Crinilor;toate;MD-2070
Strada;;Alexandru Cristea;toate;MD-2032
Strada;;Cristeşti;toate;MD-2001
Strada;;Criuleni;toate;MD-2059
Strada;;Crisana;toate;MD-2043
Strada;;Gheorghe Crişan;toate;MD-2019
Strada;;Crizantemelor;toate;MD-2070
Strada;;Crîngului;toate;MD-2024
Strada;Avocat;Eugenia Cruşevan;1;MD-2028
Strada;Avocat;Eugenia Cruşevan;toate;MD-2021
Strada;;Str. Gheorghe Cucereanu;toate;MD-2029
Strada;;Cucorilor;toate;MD-2020
Strada;;Sergiu Culaţchi;toate;MD-2051
Strada;;Valeriu Cupcea;1-65, 2-48;MD-2009
Strada;;Valeriu Cupcea;67-sf, 50-sf.;MD-2021
Strada;;Liviu Damian;8;MD-2020
Strada;;Dante;toate;MD-2002
Strada;;Danubius;toate;MD-2002
Strada;;Aurel David;toate;MD-2009
Strada;;Dealul Cucului;toate;MD-2070
Strada;;Decembriştilor;toate;MD-2002
Strada;;Liviu Deleanu;toate;MD-2071
Strada;;Parascovia Didâc;toate;MD-2070
Strada;;Diminiţei;toate;MD-2002
Strada;;Nicolae Dimo;2-28,  1-23;MD-2068
Strada;;Nicolae Dimo;25-sf.;MD-2045
Strada;;Alexandru Diordiţă;1, 2;MD-2012
Strada;;Alexandru Diordiţă;toate (cu ex.1, 2);MD-2005
Strada;;Dîmbului;toate;MD-2009
Strada;;Dobruşa;toate;MD-2038
Strada;;Andrei Doga;toate;MD-2024
Strada;;Doina;104/2-sf, 187-sf;MD-2020
Strada;;Doina;1-185, 2-104(case de locuit);MD-2059
Strada;;Vasilii  Dokuceaev;1-13, 2-28;MD-2028
Strada;;Vasilii  Dokuceaev;21-sf, 30-sf.;MD-2021
Strada;;Domniţei;toate;MD-2049
Strada;;Ion Doncev;2;MD-2005
Strada;;Ion Doncev;toate (cu ex.2);MD-2004
Strada;;Alexandru Donici;toate;MD-2064
Strada;Astronom;Nicolae Donici;toate;MD-2049
Strada;;Dorobanţi;toate;MD-2002
Strada;;Dragomirna;1-65, 2-68;MD-2008
Strada;;Dragomirna (Codru);toate;MD-2019
Strada;;Drumul Băcioiului;toate;MD-2072
Strada;;Drumul Crucii;toate;MD-2069
Strada;;Drumul Schinoasei;toate;MD-2019
Strada;;Drumul Taberei;toate;MD-2008
Strada;;Drumul Viilor;67-97, 28-42.;MD-2021
Strada;;Drumul Viilor;99, 101;MD-2028
Strada;;Drumul Viilor;1-43, 2-28;MD-2009
Strada;;Dubăsari;toate;MD-2059
Strada;;Dumbrava (localitatea);toate;MD-2071
Strada;;Dumbrava Roşie;toate;MD-2023
Strada;;Dumbrăvii;toate;MD-2038
Strada;;Dumbravei;toate;MD-2011
Strada;;Liuba Dumitriu;toate;MD-2002
Strada;Profesor;Ion Dumeniuk;toate;MD-2075
Strada;;Duminica Mare;toate;MD-2002
Strada;;Durleşti;11-13;MD-2008
Strada;;Mircea Eliade;toate;MD-2009
Strada;;Mihai Eminescu;1-13, 2-16;MD-2009
Strada;;Mihai Eminescu;15-sf, 18-sf;MD-2012
Strada;;Mihai Eminescu(Codru);toate;MD-2019
Strada;;George Enescu;15-19, 2-22;MD-2064
Strada;;George Enescu;24-sf., 21-sf.;MD-2008
Strada;;Pantelimon Erhan;toate;MD-2002
Strada;;Eroii Neamului;toate;MD-2075
Strada;;Fantalului;toate;MD-2005
Strada;;Făureşti;toate;MD-2023
Strada;;Fecioarei;toate;MD-2070
Strada;;Feredeului;toate;MD-2005
Strada;;Fierarilor;toate;MD-2001
Strada;;Fîntînilor;1-sf., 2-sf.;MD-2038
Strada;;Florării;toate;MD-2024
Strada;;Floreni;toate;MD-2023
Strada;;Floreşti;toate;MD-2051
Strada;;Florile Dalbe;toate;MD-2069
Strada;;Florilor;toate;MD-2068
Strada;;Focşani;toate;MD-2028
Strada;;Fraţii Apostol;toate;MD-2025
Strada;;Frumoasa;1-41, 2-48;MD-2009
Strada;;Frumoasa;43-sf, 50-sf;MD-2021
Strada;;Frumuşica;toate;MD-2002
Strada;;Galaţi;toate;MD-2028
Strada;;Galbena;toate;MD-2009
Strada;;Ion Ganea;toate;MD-2009
Strada;;Garoafelor;toate;MD-2070
Strada;;Gării;toate;MD-2001
Strada;;Ilie Geamănă;toate;MD-2009
Strada;Academician;Natalia Gheorghiu;toate;MD-2025
Strada;;Dumitru Gheorghiţă;toate;MD-2045
Strada;;Onisifor Ghibu;1-sf,;MD-2051
Strada;;Onisifor Ghibu;2 -sf.;MD-2071
Strada;;Ghica -Vodă;toate;MD-2072
Strada;;Gheorghe Ghimpu ;toate;MD-2075
Strada;;Ghioceilor;toate;MD-2008
Strada;;Ginta Latină;toate;MD-2044
Strada;;Gîrlei;2-4;MD-2038
Strada;;Gliei;2-sf., 1-sf.;MD-2011
Strada;;Gîrliţei;toate;MD-2001
Strada;;Gohberg;toate;MD-2019
Strada;;Octavian Goga;1-7, 2-8;MD-2001
Strada;;Octavian Goga;9-sf., 10-sf.;MD-2005
Strada;;Golia;toate;MD-2069
Strada;;C.Gohberg;toate;MD-2019
Strada;;Paul Gore;toate;MD-2002
Strada;;Nicolae Grădescu;toate;MD-2002
Strada;;Grădinarilor;toate;MD-2059
Strada;;Grădinilor;60;MD-2005
Strada;;Grădinilor;21-25, 56-58;MD-2001
Strada;;Grădinilor;60;MD-2005
Strada;;Grădina Botanica;12, 14/2, 14/3, 15;MD-2032
Strada;;Grădina Botanica;2-4,  5 - 9,  9/1,;MD-2002
Strada;;Grădina Botanica;19-29,   26,-28;MD-2023
Strada;;Grătieşti;toate;MD-2020
Strada;;Pictor Mihai Grecu .;toate;MD-2025
Strada;;Mihai Grebencea;toate;MD-2002
Strada;;Grenoble;1, 3, 5, 7;MD-2028
Strada;;Grenoble;17-,37, 111, 131.;MD-2025
Strada;;Grenoble;132, 193, 199;MD-2043
Strada;;Grenoble;134-136, 176, 180-196-sf.;MD-2072
Strada;;Grenoble;257-287;MD-2072
Strada;;Grenoble;106-130,;MD-2019
Strada;;Grenoble;147-191,;MD-2019
Strada;;Grenoble;203-209;MD-2060
Strada;;Nicolae Grigorescu;toate;MD-2023
Strada;;Griviţei;1-sf, 2-sf;MD-2028
Strada;;Grîului;toate;MD-2008
Strada;;Grînelor;toate;MD-2011
Strada;Academician;I. Grosul;toate;MD-2028
Strada;;Gura Văii;toate;MD-2049
Strada;;Gutuilor;toate;MD-2011
Strada;;Valentin Guţu;toate;MD-2025
Strada;;Habad Liubavici;toate;MD-2012
Strada;;Haiducilor;toate;MD-2028
Strada;;Haiducul Bujor;toate;MD-2044
Strada;;Pantelimon Halippa;toate;MD-2009
Strada;;Haltei;toate;MD-2023
Strada;;Hanul Morii;toate;MD-2002
Strada;;Vasilie Harea;toate;MD-2049
Strada;;Bogdan Petriceicu Haşdeu;toate;MD-2005
Strada;;Hipodromului;toate;MD-2059
Strada;;Alexandru Hîjdeu;29-63, 34-98, 98/1;MD-2001
Strada;;Alexandru Hîjdeu;71-sf, 102-sf;MD-2005
Strada;;Iacob Hîncu;toate;MD-2005
Strada;;Ştefan Holban;toate;MD-2002
Strada;;Horea;toate;MD-2019
Strada;;Hotarul Satului;toate;MD-2002
Strada;;Hotin;toate;MD-2059
Strada;;Hruşca;1-sf, 2-sf;MD-2038
Strada;;Humuleşti;toate;MD-2008
Strada;;Ghenadie Iablocikin;5, 2;MD-2069
Strada;;Ialoveni;toate;MD-2070
Strada;;Avram Iancu;toate;MD-2001
Strada;;Iazului;toate;MD-2020
Strada;;Ierusalim;toate;MD-2005
Strada;;Imaşului;toate;MD-2029
Strada;;Ion Inculeţ;1-37, 4-48;MD-2001
Strada;;Ion Inculeţ;41-101, 50-78, 105-105/4;MD-2025
Strada;;Independenţei;1-5, 2/1-16;MD-2043
Strada;;Independenţei;1a, 2;MD-2019
Strada;;Independenţei;26, 26/2, 28-sf;MD-2072
Strada;;Independenţei;7/1-9/4, 18-24/3, 15;MD-2060
Strada;;Industrială;toate;MD-2023
Strada;;Nicolae Iorga;1-5, 2-10;MD-2009
Strada;;Nicolae Iorga;7-sf, 12-sf;MD-2012
Strada;;Vlad Ioviţă;toate;MD-2072
Strada;;Ipoteşti;toate;MD-2049
Strada;;Irişilor;toate;MD-2075
Strada;;Magda Isanos;1-7, 2-10;MD-2059
Strada;;Magda Isanos;7a-sf, 12-sf;MD-2020
Strada;;Ismail;97-113,  112-116/10;MD-2023
Strada;;Ismail;1, 9-77, 81, 16-108;MD-2001
Strada;;Istra;toate;MD-2002
Strada;;Lidia Istrati;toate;MD-2045
Strada;;Işnovăţ;toate;MD-2023
Strada;;Izvoarelor;toate;MD-2028
Strada;;Andrei Izbaş;toate;MD-2044
Strada;;Înălţării;toate;MD-2002
Strada;;Învierii;toate;MD-2002
Strada;Pictor;Ion Jumati;toate;MD-2062
Strada;;Junimea;toate;MD-2001
Strada;;Jubiliară;toate;MD-2019
Strada;;Mihai Juraveli;toate;MD-2019
Strada;;Lech Kaczynski;1-5;MD-2028
Strada;;Kiev;toate;MD-2068
Strada;;Mihai Kogălniceanu;1-29, 2-28;MD-2001
Strada;;Mihai Kogălniceanu;31-39, 30-34, 80;MD-2012
Strada;;Mihai Kogălniceanu;41-93,36-92;MD-2009
Strada;;Vladimir Komarov;toate;MD-2059
Strada;;Vladimir Korolenco;1-7, 2-6;MD-2028
Strada;;Vladimir Korolenco;8, 53-63 ,10, 12;MD-2025
Strada;;V. Kovtun;toate;MD-2070
Strada;;Lacului;toate;MD-2009
Strada;;Lalelelor;toate;MD-2059
Strada;;Maria Lătăreţu;toate;MD-2008
Strada;;Serghei Lazo;1, 1/1;MD-2009
Strada;;Serghei Lazo;toate (cu ex.1, 1/1);MD-2004
Strada;;Lămăiţei;toate;MD-2028
Strada;;Alexandru Lăpuşneanu;toate;MD-2004
Strada;;Lăpuşnei;toate;MD-2009
Strada;;Maria Lătăreţu;toate;MD-2008
Strada;;Barbu Lăutaru;toate;MD-2008
Strada;;Mihail Lermontov;toate;MD-2070
Strada;;Petru Leşcenco;toate;MD-2045
Strada;;Leuşeni;toate;MD-2002
Strada;;Liliacului;toate;MD-2059
Strada;;Dinu Lipatti;toate;MD-2002
Strada;;Lipcani;toate;MD-2051
Strada;;Lisabona;toate;MD-2064
Strada;;Livădarilor;1-185;MD-2028
Strada;;Livădarilor;187 sf.;MD-2019
Strada;;Ioan Livescu;toate;MD-2064
Strada;;Mihail Lomonosov;1-47, 2-26;MD-2009
Strada;;Mihail Lomonosov;49,51, 38-42;MD-2028
Strada;;Mihail Lomonosov;4/9, 49/1-49/18, 51/1-65/3;MD-2025
Strada;;Emil Loteanu;toate;MD-2045
Strada;;Serghei Lunchevici;toate;MD-2051
Strada;;Ştefan Luchian;toate;MD-2008
Strada;;Lunca Bîcului;29,33/1,33/2,33/3;MD-2023
Strada;;Luncii;toate;MD-2024
Strada;;Andrei Lupan;toate;MD-2059
Strada;;Voluntar Filip Lupaşcu;toate;MD-2049
Strada;;Luceafărul;toate;MD-2011
Strada;;Vasile Lupu;toate;MD-2008
Strada;;Lvov;toate;MD-2060
Strada;;Măcieşilor;toate;MD-2028
Strada;;Macilor;toate;MD-2024
Strada;;Gheorghe Madan;1-43, 2-12;MD-2059
Strada;;Gheorghe Madan;14-52, 47-87;MD-2020
Strada;;Vladimir Maiacovski;toate;MD-2023
Strada;;Petru Maior;toate;MD-2005
Strada;;Titu Maiorescu;toate;MD-2001
Strada;;Teodor Malai;toate;MD-2070
Strada;;Gheorghe Malarciuc;toate;MD-2009
Strada;;Maramureş;toate;MD-2043
Strada;;Alexandru Marinescu;1-19,  2-36;MD-2051
Strada;;8 Martie;toate;MD-2059
Strada;;27 Martie 1918;toate;MD-2069
Strada;;Alexei Mateevici; 13-15, 32-36, 36a;MD-2012
Strada;;Alexei Mateevici;21-sf, 38-sf;MD-2009
Strada;;Alexei Mateevici;5-11, 2-30;MD-2001
Strada;;Matei Milo;toate;MD-2043
Strada;;Mazililor;toate;MD-2038
Strada;;Măceşilor;toate;MD-2028
Strada;;Măgurele;toate;MD-2070
Strada;;Mălăieşti;toate;MD-2023
Strada;;Mălina Mare;28-46, 39-49;MD-2038
Strada;;Mălina Mică;toate;MD-2025
Strada;;Todeus Malinovschi;toate;MD-2019
Strada;;Mărăşeşti;toate;MD-2028
Strada;;Mărţişor;toate;MD-2028
Strada;;Măzărachi;toate;MD-2005
Strada;;Melestiu;14/3,14/4,16,18,20,20/2,22a,24;MD-2001
Strada;;Melestiu;2-12, 11-15;MD-2038
Strada;;Memoriei;toate;MD-2049
Strada;;Memoriei;toate;MD-2049
Strada;;Gheorghe Meniuc;toate;MD-2009
Strada;;Mereni;toate;MD-2023
Strada;;Mereşeni;toate;MD-2001
Strada;;Mesager;toate;MD-2069
Strada;;Meşterul Manole;1-sf, 6/2;MD-2023
Strada;;Meşterul Manole;4-sf, (cu ex. 6/2);MD-2044
Strada;;Veronica Micle;toate;MD-2012
Strada;;Milano;toate;MD-2069
Strada;;Mileşti;1-31, 2-54;MD-2001
Strada;;Minsk;1-43, 2-22;MD-2002
Strada;;Minsk;45-sf., 24-sf.;MD-2015
Strada;;Mioriţa;1-11, 2-20, 30;MD-2028
Strada;;Mioriţa; 60-216,;MD-2019
Strada;;Mircea cel Bătrîn;1-15, 2-22;MD-2044
Strada;;Mircea cel Bătrîn;17-sf, 22/5, 24-sf.;MD-2075
Strada;;Mirceşti;toate;MD-2049
Strada;Mitropolit;Gavriil Bănulescu Bodoni;11-53, 4-24;MD-2012
Strada;Mitropolit;Gavriil Bănulescu Bodoni;1-9, 2;MD-2009
Strada;Mitropolit;Gavriil  Bănulescu Bodoni;26-sf.,  57-sf.;MD-2005
Strada;Mitropolit;Dosoftei;79-85, 100-114;MD-2012
Strada;Mitropolit;Dosoftei;87-sf..,118-sf.;MD-2004
Strada;Mitropolit;Gurie Grosu;1-15, 2-12;MD-2028
Strada;Mitropolit;Gurie Grosu;14-sf.,17-sf.;MD-2021
Strada;Mitropolit;Petru Movilă;toate;MD-2004
Strada;Mitropolit;Varlaam;39-63, 24-56;MD-2001
Strada;Mitropolit;Varlaam;65-sf, 74-sf;MD-2012
Strada;;Moara Roşie;toate;MD-2005
Strada;;Moldoviţa;19-21;MD-2020
Strada;;Moldoviţa;2-28, 23-45;MD-2059
Strada;;Moldoviţa(Străşeni);Asociaţii;MD-2075
Strada;;Molocanilor;toate;MD-2019
Strada;;Montană;toate;MD-2059
Strada;;Nicolae Moroşanu;toate;MD-2009
Strada;;Dumitru Moruzi;toate;MD-2019
Strada;;Movila lui Burcel;toate;MD-2005
Strada;;Movileni;toate;MD-2023
Strada;;Munceşti;807;Sîngera
Strada;;Munceşti;15-29, 46-62;MD-2001
Strada;;Munceşti;293-803, 600-814 cu ex. 780 a;MD-2029
Strada;;Munceşti;31-273 , 66-426,;MD-2002
Strada;;Munceşti;780 a;MD-2026
Strada;;Simeon Murafa;toate;MD-2002
Strada;;Murelor;toate;MD-2051
Strada;;Andrei Mureşanu;toate;MD-2032
Strada;;Gavriil Musicescu;toate;MD-2064
Strada;;Musatinilor;toate;MD-2071
Strada;;Navigatorilor;2-sf, 17-sf;MD-2026
Strada;;Vasile Nauc (Codru);toate;MD-2019
Strada;;Ştefan Neaga;1-51, 2-46/1;MD-2008
Strada;;Ştefan Neaga;53-sf, 48-sf;MD-2064
Strada;;Ion Neculce;1-5;MD-2069
Strada;;Ion Neculce;7-63, 10-sf;MD-2064
Strada;;Negreşteni;toate;MD-2023
Strada;;Alexandru Negru -Vodă;toate;MD-2072
Strada;;Constantin Negruzzi;toate;MD-2001
Strada;;Negureni;toate;MD-2001
Strada;;Ion Nistor;toate;MD-2009
Strada;;Florica Niţă;toate;MD-2024
Strada;;Sergiu Niţă;toate;MD-2024
Strada;;Nucarilor;toate;MD-2009
Strada;;Nuferilor;toate;MD-2072
Strada;;Odesa;23-67, 40-62;MD-2038
Strada;;Odesa;1-23, 2-38;MD-2001
Strada;;Odesa;toate;MD-2038
Strada;;Oituz;toate;MD-2038
Strada;;Oneşti;toate;MD-2009
Strada;;Operaţiunea Iaşi-Chişinău;toate;MD-2045
Strada;;Orhideelor;toate;MD-2070
Strada;;Petre Osmătescu;toate;MD-2072
Strada;;Otopeni;2-sf;MD-2026
Strada;;Otovasca;toate;MD-2023
Strada;;Olimpică;toate;MD-2019
Strada;;Padurilor;toate;MD-2028
Strada;;Pajurii;toate;MD-2024
Strada;;Tudor Pamfile;toate;MD-2049
Strada;;Pandurilor;1-45, 2-56;MD-2002
Strada;;Pandurilor;51-sf., 62-sfr.;MD-2015
Strada;;Anton Pann;toate;MD-2005
Strada;;Parcului;toate;MD-2009
Strada;;Parcului(Viilor);99, 101;MD-2028
Strada;;Paris;toate;MD-2051
Strada;;Paşcani;toate;MD-2023
Strada;;Angela Păduraru;toate;MD-2071
Strada;;Pădurii;8, 1-25,  2-36;MD-2002
Strada;;Pădurii; 8a,;MD-2032
Strada;;Păşunilor;toate;MD-2029
Strada;;Ioan Pelivan;1-15;MD-2064
Strada;;Ioan Pelivan;2-sf, 17-sf;MD-2051
Strada;;Perilor;toate;MD-2051
Strada;;Pescăruşilor;toate;MD-2059
Strada;;Petrăriei;19/1, 19/3, 19/5;MD-2069
Strada;;Petricani;toate;MD-2059
Strada;;Petrodava;toate;MD-2023
Strada;;Pietrarilor; 2 (org.), 2a (org.),5(u/m);MD-2028
Strada;;Pietrarilor;1-41 (cu ex.5 u/m), 2-60;MD-2021
Strada;;Pietrăriei;toate;MD-2024
Strada;;Nicolai Pirogov;1-25,10-24;MD-2009
Strada;;Pitulicii;toate;MD-2059
Strada;Primar;Gherman Pîntea;toate;MD-2045
Strada;;Plaiului (Codru);toate;MD-2019
Strada;;Plaiului;toate;MD-2002
Strada;;Alexandru Plămădeală;toate;MD-2009
Strada;;Plevnei;toate;MD-2068
Strada;;Plopilor;1-13;MD-2026
Strada;;Plugarilor;toate;MD-2023
Strada;;Poamei;1-19,2-18;MD-2062
Strada;;Poamei;21,21B;MD-2032
Strada;;Podgorenilor;toate;MD-2059
Strada;;Podişului;toate;MD-2002
Strada;;Podul de flori;toate;MD-2002
Strada;;Podul Înalt;toate;MD-2023
Strada;;Poienilor;toate;MD-2075
Strada;;Pomicultorilor;toate;MD-2028
Strada;;Pomilor;toate;MD-2028
Strada;;Pompierilor;toate;MD-2062
Strada;;Anatol Popovici;toate;MD-200
Strada;;Vasile Pogor;toate;MD-2051
Strada;;Eugen Popuşoi;toate;MD-2072
Strada;;Ciprian Porumbescu;toate;MD-2008
Strada;;Porumbiţei;toate;MD-2070
Strada;;Porumbrele;toate;MD-2008
Strada;;Poştei;toate;MD-2059
Strada;;Potîrnichii;toate;MD-2019
Strada;;Prepeliţei;1-11, 2-46;MD-2028
Strada;;Prepeliţei;13-33, 48-82;MD-2019
Strada;;Praga;toate;MD-2060
Strada;;Prigoreni;toate;MD-2002
Strada;;Primăverii;toate;MD-2064
Strada;;Progres;Asociaţii;MD-2028
Strada;;Ion Pruncul;toate;MD-2005
Strada;;Pruncul (staţia);2, 6, 16, 44, 3-9;MD-2069
Strada;;Prunului;toate;MD-2004
Strada;;Puhoi;toate;MD-2072
Strada;;Aron Pumnul;toate;MD-2043
Strada;;Alexandru Puşkin;1, 2-10;MD-2009
Strada;;Alexandru Puşkin;3-33, 12-32 ,42;MD-2012
Strada;;Alexandru Puşkin;35-sf, 44-sf;MD-2005
Strada;;Putnei;toate;MD-2059
Strada;;Ioana Radu;toate;MD-2008
Strada;;Serghei Rahmaninov;toate;MD-2064
Strada;;Petru Rareş;toate;MD-2005
Strada;;Rariştii;toate;MD-2008
Strada;;Ratuş;toate;MD-2023
Strada;Academician;Sergiu Rădăuţanu;toate;MD-2045
Strada;Academician;Sergiu Rădăuţanu  (Codru);toate;MD-2019
Strada;;Rîndunele;toate;MD-2028
Strada;;Dumitru Rîşcanu;1-11, 2-sf;MD-2024
Strada;;Dumitru  Rîşcanu;29-37;MD-2068
Strada;;Liviu Rebreanu;toate;MD-2023
Strada;;Ilia Repin;toate;MD-2023
Strada;;Revaca;toate;MD-2029
Strada;;Riga;toate;MD-2002
Strada;;Roguleni;toate;MD-2070
Strada;;Romană;toate;MD-2005
Strada;;Romantica;toate;MD-2025
Strada;;Agnesa Roşca;toate;MD-2009
Strada;;Valentin Roşca;toate;MD-2045
Strada;;Roşiori;toate;MD-2008
Strada;;Rovinari;toate;MD-2028
Strada;;Eugen Russev;toate;MD-2045
Strada;;Alecu Russo;16-sf, 55-sf;MD-2044
Strada;;Alecu Russo;2-10, 1-13/4,14/1;MD-2068
Strada;;Nadejda Russo;toate;MD-2024
Strada;;Mihai Sadoveanu;21/1, 21/2, 21/3, 23, 23/2, 23/5, 26-sf;MD-2075
Strada;Academician;Andrei Saharov;1-5, 2-4;MD-2068
Strada;Academician;Andrei Saharov;6-sf, 11-sf;MD-2024
Strada;;Salcîmilor;toate;MD-2002
Strada;;Sargidava;5, 10;MD-2023
Strada;;Sargidava;toate(cu ex.5,10);MD-2044
Strada;;Sarmizegetusa;1-15, 2-16/2(cu ex.12,16);MD-2015
Strada;;Sarmizegetusa;17-sf, 12,  16-sf (cu ex.16/2, 90/2);MD-2032
Strada;;Sarmizegetusa;90/2;MD-2062
Strada;;Sălcuţa;toate;MD-2051
Strada;;Sărăteni;toate;MD-2001
Strada;;Schinoasa;toate;MD-2028
Strada;;Scinoasa Nouă;toate;MD-2019
Strada;;Scinoşica;toate;MD-2019
Strada;;Schinoasa Deal;1-87, 2-90;MD-2028
Strada;;Schinoasa Vale;67-71, 70-82,;MD-2019
Strada;;Schinoasa Vale;1-65,  2-68;MD-2028
Strada;;Scinoşica;toate;MD-2019
Strada;;Schitului;toate;MD-2008
Strada;;Nicolae Sclifos;toate;MD-2025
Strada;;Nicolae Sulac(Codru);toate;MD-2019
Strada;;Nicolae Sulac;toate;MD-2075
Strada;;Nicolae Sulac(Stăuceni);Asociaţii;MD-2075
Strada;;Scoreni;toate;MD-2023
Strada;;Scutari;toate;MD-2002
Strada;;Sfatul Ţării;1-5, 2-6;MD-2009
Strada;;Sfatul Ţării;53-sf, 30-34;MD-2004
Strada;;Sfatul Ţării;7-41, 8-20;MD-2012
Strada;;Sfînta Treime;toate;MD-2002
Strada;;Sfîntul Andrei;15, 18-20;MD-2005
Strada;;Sfîntul Andrei;17-sf, 30-sf;MD-2004
Strada;;Sfîntul Dumitru;toate;MD-2019
Strada;;Sfîntul Gheorghe;toate;MD-2001
Strada;;Sfîntul Gheorghe (Codru);1-107, 2-72;MD-2019
Strada;;Sfîntul Ilie;33-41, 54-64;MD-2005
Strada;;Sfîntul Ilie;66-sf;MD-2004
Strada;;Sfîntul Ion (Codru);toate;MD-2019
Strada;;Sfîntul Maria;1, 2, 4, 28;MD-2019
Strada;;Sfînta Maria;toate;MD-2059
Strada;;Sfînta Parascheva;toate;MD-2023
Strada;;Sfîntul Pavel;toate;MD-2019
Strada;;Sfîntul Petru;1-15, 2-16,;MD-2001
Strada;;Sfîntul Petru (Codru);1-25 ,;MD-2019
Strada;;Sfîntul Nicolai;toate;MD-2019
Strada;;Sfîntul Ştefan;toate;MD-2028
Strada;;Sfîntul Vasile;toate;MD-2019
Strada;;Sfînta Vineri;toate;MD-2070
Strada;;Sihastrului (Codru);toate;MD-2028
Strada;;Sitarului;toate;MD-2019
Strada;;Sărbească;toate;MD-2005
Strada;;Nichita Smochină;toate;MD-2021
Strada;;Soarelui;32-sf;MD-2011
Strada;;Socilor;toate;MD-2038
Strada;;Socoleni;toate;MD-2020
Strada;;Sofia;toate;MD-2060
Strada;;Solidarităţii;toate;MD-2059
Strada;;Ipate Soroceanu;toate;MD-2025
Strada;;Spartacus;toate;MD-2024
Strada;;Nicolae Milescu Spătaru;11-sf;MD-2075
Strada;;Nicolae Milescu Spătaru;1-9;MD-2044
Strada;;Speranţei;toate;MD-2070
Strada;;Spicului;6, 8, 14;MD-2070
Strada;;Spicului; 104,106, 108;MD-2051
Strada;;Spicului (Petricani);toate;MD-2059
Strada;;Sprîncenoaia;2-10;MD-2028
Strada;;Constantin Stamati;toate;MD-2005
Strada;;Nicolae Starostenco;toate;MD-2001
Strada;;Nichita Stănescu;toate;MD-2072
Strada;;Stejarilor(Stăuceni);toate;MD-2075
Strada;;Constantin Stere;toate;MD-2009
Strada;;Stolniceni;1-9;MD-2038
Strada;;Străşeni;toate;MD-2059
Strada;;Tudor Strişca;8;MD-2043
Strada;;Tudor Strişca;(cu ex. nr. 8);MD-2019
Strada;;Vasile Stroescu;toate;MD-2051
Strada;;Studenţilor;2;MD-2068
Strada;;Studenţilor;toate;MD-2045
Strada;;Alexandru Sturdza;toate;MD-2051
Strada;;Suceava;toate;MD-2051
Strada;;Suceviţa;toate;MD-2051
Strada;Arheolog;Ion Casian Suruceanu;toate;MD-2025
Strada;;Suruceni;toate;MD-2001
Strada;;Alexei Şciusev;111-sf, 106-sf;MD-2004
Strada;;Alexei Şciusev;1-33, 2-34;MD-2001
Strada;;Alexei Şciusev;35-109, 36-104;MD-2012
Strada;;Taras Şevcenco;;
Strada;;Şipotelor;toate;MD-2005
Strada;Primar;Carol Şmidt;toate;MD-2021
Strada;;Ihil Şraibman;toate;MD-2049
Strada;;Şoimari;toate;MD-2015
Strada;;Petru Ştefănucă;12, 13;MD-2069
Strada;;Actor Chiril Ştirbu;;MD-2025
Strada;;Tallin;toate;MD-2002
Strada;;Taşkent;toate;MD-2002
Strada;;Tatarbunar;toate;MD-2070
Strada;;Tăbăcăria Nouă;toate;MD-2002
Strada;;Tăbăcăria Veche;toate;MD-2023
Strada;;Maria Tănase;toate;MD-2008
Strada;;Tecuci;toate;MD-2038
Strada;;Teilor;toate;MD-2043
Strada;;Teilor (Stăuceni);toate;MD-2075
Strada;;Ecaterina Teodoroiu;toate;MD-2059
Strada;;Nicolae Testemiţeanu;toate;MD-2025
Strada;;Tighina;toate;MD-2001
Strada;;Timiş;toate;MD-2009
Strada;;Timişoara;toate;MD-2059
Strada;;Dominte Timonu;toate;MD-2064
Strada;;S. Timoşenco;toate;MD-2049
Strada;;Tiras;toate;MD-2002
Strada;;Tiraspol;toate;MD-2001
Strada;;Tisa;toate;MD-2038
Strada;;Nicolae Titulescu;1, 1/2;MD-2002
Strada;;Nicolae Titulescu;2-20;MD-2015
Strada;;Nicolae Titulescu;22-49/2, 1a,1b-55;MD-2032
Strada;;Tîrgovişte;toate;MD-2044
Strada;;Toamnei;toate;MD-2008
Strada;;Gheorghe Tofan;toate;MD-2051
Strada;;F. Tolbuhin;toate;MD-2049
Strada;;Lev Tolstoi;toate;MD-2001
Strada;;Tomis;toate;MD-2002
Strada;;Gheorghe Topîrceanu;toate;MD-2064
Strada;;Toporaşilor;toate;MD-2008
Strada;;Torino;toate;MD-2069
Strada;;Traian;1-sf;MD-2060
Strada;;Traian;2-sf;MD-2043
Strada;;Trandafirilor;toate;MD-2038
Strada;;Transnistria;3, 5a;MD-2044
Strada;;Transnistria;toate (cu ex.3,  5a);MD-2023
Strada;;Trei Crai;toate;MD-2069
Strada;;Tricolorului;toate;MD-2012
Strada;;Truşeni;toate;MD-2069
Strada;;Gheorghe Tudor;1-7, 2-6;MD-2028
Strada;;Gheorghe Tudor;8-10;MD-2009
Strada;;Vitalie Tulnic;toate;MD-2029
Strada;;Andrei Tupolev;toate;MD-2026
Strada;;Turturele;toate;MD-2028
Strada;;Turghenev;toate;MD-2011
Strada;;Ţărinii;toate;MD-2069
Strada;;Vlad Ţepeş;toate;MD-2028
Strada;;Vasile Ţepordei;toate;MD-2045
Strada;;Ţicau;toate;MD-2002
Strada;;Rabbi Ţirilson;toate;MD-2005
Strada;;Petru Ungureanu;toate;MD--2019
Strada;;Universităţii;toate;MD-2009
Strada;;Ilie Untilă;toate;MD-2025
Strada;;Grigore Ureche;1-53, 2-50;MD-2001
Strada;;Grigore Ureche;55-sf, 52-sf;MD-2005
Strada;;Uzinelor;toate;MD-2023
Strada;;Vadul Bîcului;toate;MD-2002
Strada;;Vadul lui Vodă;1-17, 16-62;MD-2023
Strada;;Vadul lui Vodă;72-sf, 23-sf;MD-2044
Strada;;Valea Albă;toate;MD-2049
Strada;;Valea Apelor;toate;MD-2011
Strada;;Valea Bîcului;toate;MD-2002
Strada;;Valea Crucii;2, 2/1;MD-2062
Strada;;Valea Crucii;toate (cu exc. 2, 2/1);MD-2072
Strada;;Valea Dicescu;1-83, 2-124;MD-2009
Strada;;Valea Dicescu;85-119, 126-160;MD-2021
Strada;;Valea Podului;toate;MD-2001
Strada;;Valea Rădiului;toate;MD-2070
Strada;;Valea Trandafirilor;toate;MD-2001
Strada;;Văleni;toate;MD-2070
Strada;;Varniţa;toate;MD-2023
Strada;;Varşovia;toate;MD-2060
Strada;;G. Vascan;toate;MD-2028
Strada;;Ion Vasilenco;toate;MD-2001
Strada;;Vaslui;toate;MD-2023
Strada;;Ion Vatamanu;toate;MD-2025
Strada;;Văleni;toate;MD-2070
Strada;;Vasile Vărzaru;2-20;MD-2023
Strada;;Vasile Vărzaru;3-11;MD-2044
Strada;;Vesna;Asociaţii;MD-2028
Strada;;Vieru;Asociaţii;MD-2028
Strada;;Igor Vieru;toate;MD-2075
Strada;;Vieru;toate;MD-2070
Strada;;Visterniceni;toate;MD-2059
Strada;;Vişinilor;toate;MD-2051
Strada;;Victoriei(Stăuceni);Asociaţii;MD-2075
Strada;;Virtuţii;toate;MD-2051
Strada;;Viticulturilor;toate;MD-2028
Strada;;Mihai Viteazul;toate;MD-2004
Strada;;Ioan Vodă Viteazul;toate;MD-2019
Strada;;Vîlcele;toate;MD-2070
Strada;;Vîlcov;toate;MD-2002
Strada;;Vînătorilor;1-sf, 2-sf;MD-2028
Strada;;Constantin Vîrnav;toate;MD-2025
Strada;;Grigore Vîrtosu;toate;MD-2049
Strada;;Andrei Vînaru;toate;MD-2019
Strada;;Aurel Vlaicu;toate;MD-2028
Strada;;Tudor Vladimirescu;1( intr,) 3 (intr);MD-2023
Strada;;Tudor Vladimirescu;toate (. 1, 3 case cu apart.);MD-2024
Strada;;Alexandru Vlăhuţă;toate;MD-2005
Strada;;Vlaicu Pîrcălab;1-15, 2-16;MD-2009
Strada;;Vlaicu Pîrcălab;17-sf, 18-sf;MD-2012
Strada;;Voievozilor;toate;MD-2008
Strada;;Voluntarilor;toate;MD-2023
Strada;;Vorniceni;6;MD-2038
Strada;;Vovinţeni;toate;MD-2008
Strada;;Olga Vrabie;toate;MD-2045
Strada;;Williams;toate;MD-2028
Strada;;Alexandru Xenopol;toate;MD-2051
Strada;;Andrei Hodorogea;toate;MD-2019
Strada;;Tudor Hrişca;8;MD-2043
Strada;;Tudor Hrişca;toate (cu ex 8);MD-2019
Strada;;Petru Zadnipru;toate;MD-2044
Strada;;Zagreb;toate;MD-2060
Strada;;Ivan Zaikin;1-7, 2-16;MD-2004
Strada;;Ivan Zaikin;24-sf;MD-2005
Strada;;Zaim;toate;MD-2038
Strada;;Zamolxe;toate;MD-2049
Strada;;Valentin Zarzăr;toate;MD-2029
Strada;;Zăvoiului;toate;MD-2004
Strada;;Nicolai Zelinski;1-5/7;MD-2032
Strada;;Nicolai Zelinski;20-44, 13, 15,  31-37;MD-2038
Strada;;Nicolai Zelinski;2-12/4,7,11;MD-2015
Strada;;Zimbrului;toate;MD-2024
Strada;;Zmeurei;toate;MD-2029
Strada;;Zodiac;toate;MD-2070
Stradela;;Aerodromului 1;toate;MD-2024
Stradela;;Aerodromului 2;toate;MD-2024
Stradela;;Arborilor;toate;MD-2025
Stradela;;31 August 1989;toate;MD-2001
Stradela;;Avicena str-lă 1;toate;MD-2025
Stradela;;Avicena 1;toate;MD-2025
Stradela;;Balcani ;toate;MD-2071
Stradela;;Băcioii Noi;toate;MD-2029
Stradela;;Protoiereu Mihail Berezovschi;toate;MD-2025
Stradela;;Bisericii;toate;MD-2008
Stradela;;Alexandru Botezatu;toate;MD-2005
Stradela;;Ioan Botezătorul;toate;MD-2001
Stradela;;Bujorilor 1(Codru);toate;MD-2019
Stradela;;Bujorilor 5 (Codru);toate;MD-2019
Stradela;;Burebista;toate;MD-2062
Stradela;;Busuiocului 1;toate;MD-2019
Stradela;;Carierei 1;toate;MD-2024
Stradela;;Carierei 2;toate;MD-2024
Stradela;;Caucaz 1;toate;MD-2001
Stradela;;Caucaz 2;toate;MD-2001
Stradela;;Caucaz  3;toate;MD-2001
Stradela;;Călăraşi;toate;MD-2069
Stradela;;Călătorilor;toate;MD-2023
Stradela;;Cărămidarilor;toate;MD-2023
Stradela;;Vasile Cheltuială;toate;MD-2009
Stradela;;Ciocîrliei 1;toate;MD-2021
Stradela;;Ciocîrliei 2;toate;MD-2021
Stradela;;Circului 1;toate;MD-2024
Stradela;;Circului 2;toate;MD-2024
Stradela;;Circului 3;toate;MD-2024
Stradela;;Cobzarilor 1;toate;MD-2028
Stradela;;Cobzarilor 2;toate;MD-2028
Stradela;;Cobzarilor 3;toate;MD-2028
Stradela;;Cobzarilor 4;toate;MD-2028
Stradela;;Cobzarilor 5;toate;MD-2028
Stradela;;Cobzarilor 8;toate;MD-2028
Stradela;;Cobzarilor 9;toate;MD-2028
Stradela;;Coline, 1;toate;MD-2019
Stradela;;Coloniţa;toate;MD-2044
Stradela;;Cornului;toate;MD-2008
Stradela;;Alexandru Cosmescu;toate;MD-2009
Stradela;;Victor Crăsescu;toate;MD-2059
Stradela;;Criuleni;toate;MD-2059
Stradela;;Gheorghe Cucereanu;toate;MD-2029
Stradela;;Liviu Damian;toate;MD-2059
Stradela;;Andrei Doga;toate;MD-2024
Stradela;;Doina;toate;MD-2059
Stradela;;Dragomirna;toate;MD-2008
Stradela;;Maria Drăgan;toate;MD-2044
Stradela;;Drumul Schinoasei 1;toate;MD-2019
Stradela;;Dumbrăvii;toate;MD-2001
Stradela;;Mihai Eminescu(Codru);toate;MD-2019
Stradela;;Fierarilor;toate;MD-2001
Stradela;;Florării 1;toate;MD-2024
Stradela;;Florări 2;toate;MD-2024
Stradela;;Florile Dalbe;toate;MD-2069
Stradela;;Ion Ganea;toate;MD-2009
Stradela;;Ghica- Vodă;toate;MD-2072
Stradela;;Grădinilor;toate;MD-2001
Stradela;Pictor;Mihai Grecu;toate;MD-2025
Stradela;;Haltei;toate;MD-2023
Stradela;;Hanul Morii;toate;MD-2002
Stradela;;Herţen;toate;MD-2025
Stradela;;Hruşca;toate;MD-2001
Stradela;;Imaşului;toate;MD-2029
Stradela;;Lidia Istrati;toate;MD-2045
Stradela;;Izvoarelor 1;toate;MD-2028
Stradela;Pictor;Ion Jumati 1;toate;MD-2062
Stradela;Pictor;Ion Jumati 2;toate;MD-2062
Stradela;;Jubiliară 1;toate;MD-2019
Stradela;;Mihai Juraveli 1;toate;MD-2019
Stradela;;Mihai Juraveli 3;toate;MD-2019
Stradela;;V. Kovtun;toate;MD-2070
Stradela;;Mihail Lermontov;toate;MD-2070
Stradela;;Petru Leşcenco;toate;MD-2045
Stradela;;Dinu Lipatti;toate;MD-2002
Stradela;;Lipcani;toate;MD-2051
Stradela;;Luceafărul; 3-13;MD-2011
Stradela;;Lvov 1;toate;MD-2060
Stradela;;Lvov 2;toate;MD-2060
Stradela;;Lvov 3;toate;MD-2060
Stradela;;Lvov 4;toate;MD-2060
Stradela;;Lvov 6;toate;MD-2060
Stradela;;Mălina Mică;toate;MD-2025
Stradela;;Mereni;toate;MD-2023
Stradela;;Moldoviţa;toate;MD-2001
Stradela;;Molocanilor 1;toate;MD-2019
Stradela;;Movileni;toate;MD-2023
Stradela;;Munceşti;toate;MD-2002
Stradela;;Ştefan Neaga;toate;MD-2064
Stradela;;Constantin Negruzzi;toate;MD-2001
Stradela;;Nucarilor;toate;MD-2009
Stradela;;Olimpică 1;toate;MD-2019
Stradela;;Olimpică 2;toate;MD-2019
Stradela;;Olimpică 3;toate;MD-2019
Stradela;;Parcului;toate;MD-2009
Stradela;;Angela Păduraru;toate;MD-2071
Stradela;;Pădurii;toate;MD-2002
Stradela;;Petricani 1;toate;MD-2059
Stradela;;Petricani 2;toate;MD-2059
Stradela;;Pietrăriei 1;toate;MD-2024
Stradela;;Pietrăriei 2;toate;MD-2024
Stradela;;Primar Gherman Pîntea ;toate;MD-2045
Stradela;;Plaiului 1 (Codru);toate;MD-2019
Stradela;;Plaiului 2 (Codru);toate;MD-2019
Stradela;;Plaiului;toate;MD-2002
Stradela;;Pomicultorilor, 1;toate;MD-2028
Stradela;;Pomicultorilor, 2;toate;MD-2028
Stradela;;Pomicultorilor, 3;toate;MD-2028
Stradela;;Pomicultorilor 4;toate;MD-2028
Stradela;;Pomicultorilor 5;toate;MD-2028
Stradela;;Pomicultorilor 6;toate;MD-2028
Stradela;;Poştei;toate;MD-2059
Stradela;;Potîrnicii 1 ;1-21, 2-24;MD-2019
Stradela;;Potîrnicii 2 ;1-19, 2-22;MD-2019
Stradela;;Potîrnicii 3;1-23, 2-20;MD-2019
Stradela;;Praga;toate;MD-2060
Stradela;;Aron Pumnul;toate;MD-2043
Stradela;Academician;Sergiu Rădăuţanu 1 (Codru);toate;MD-2019
Stradela;Academician;Sergiu Rădăuţanu 2 (Codru);toate;MD-2019
Stradela;Academician;Sergiu Rădăuţanu 3 (Codru);toate;MD-2019
Stradela;;Liviu Rebreanu;toate;MD-2023
Stradela;;Revaca;toate;MD-2029
Stradela;;Romantica;toate;MD-2025
Stradela;;Schinoasa Deal 1;1-87, 2-90;MD-2028
Stradela;;Schinoasa Deal 2;1-87, 2-90;MD-2028
Stradela;;Sculeni;toate;MD-2069
Stradela;;Sfîntul Andrei;toate;MD-2004
Stradela;;Sfînta Vineri;toate;MD-2070
Stradela;;Sihastrului  II-IV;toate;MD-2028
Stradela;;Sitarului 1;toate;MD-2019
Stradela;;Nichita Smochină 1;toate;MD-2021
Stradela;;Nichita Smochină 2;toate;MD-2021
Stradela;;Nichita Smochină 3;toate;MD-2021
Stradela;;Nichita Smochină 4;toate;MD-2021
Stradela;;Ipate Soroceanu;toate;MD-2025
Stradela;;Spartacus 1;toate;MD-2024
Stradela;;Spartacus 2;toate;MD-2024
Stradela;;Nicolae Milescu Spătaru;toate;MD-2044
Stradela;;Spicului (Petricani);toate;MD-2059
Stradela;;Stejăreni;toate;MD-2001
Stradela;;Studenţilor;toate;MD-2020
Stradela;;Taras Şevcenco;;
Stradela;Actor;Chiril Ştirbu;toate;MD-2025
Stradela;;Teatrului;toate;MD-2012
Stradela;;Turghenev;toate;MD-2011
Stradela;;Uzinelor;toate;MD-2023
Stradela;;Valea Apelor 1;toate;MD-2011
Stradela;;Valea Apelor 2;toate;MD-2011
Stradela;;Valea Apelor 3;toate;MD-2011
Stradela;;Valea Apelor  4;toate;MD-2011
Stradela;;Valea Dicescu;toate;MD-2009
Stradela;;Varşovia;toate;MD-2060
Stradela;;Vişinilor;toate;MD-2051
Stradela;;Constantin Vîrnav;toate;MD-2025
Stradela;;Olga Vrabie 1;toate;MD-2045
Stradela;;Olga Vrabie 2;toate;MD-2045
Stradela;;Valentin Zarzăr;toate;MD-2029